<?xml version="1.0" encoding="UTF-8" ?>
<extension type="package" method="upgrade">
	<name>PKG_ASSETGHSVS</name>
	<packagename>assetghsvs</packagename>
	<author>G@HService Berlin Neukölln, Volkmar Volli Schlothauer</author>
	<creationDate>2022-07-23</creationDate>
	<copyright>(C) 2022, G@HService Berlin Neukölln, Volkmar Volli Schlothauer.</copyright>
	<license>GNU General Public License version 3 or later; see LICENSE.txt.</license>
	<authorUrl>https://ghsvs.de</authorUrl>
	<version>2022.09.30</version>
	<description>Joomla file package. Different versions of asset files that I often need. For example, Bootstrap, JQuery, JQuery-Slim. The assets are stored in Joomla folder `/media/assetghsvs/. Not more.</description>

	<updateservers><server type="extension" priority="1" name="PKG_ASSETGHSVS">https://raw.githubusercontent.com/GHSVS-de/upadateservers/master/pkg_file_assetghsvs-update.xml</server></updateservers>

	<changelogurl>https://raw.githubusercontent.com/GHSVS-de/upadateservers/master/pkg_file_assetghsvs-changelog.xml</changelogurl>

	<infourl>https://updates.ghsvs.de/changelog.php?file=pkg_file_assetghsvs</infourl>

	<minimumPhp>7.4.0</minimumPhp>
	<maximumPhp>8.99999.99999</maximumPhp>
	<minimumJoomla>3.10.0</minimumJoomla>
	<maximumJoomla>4.9999.9999</maximumJoomla>
	<allowDowngrades>1</allowDowngrades>

	<scriptfile>installerScript.php</scriptfile>

	<files folder="packages">
		<file type="file" id="assetghsvs">file_assetghsvs-2022.09.30.zip</file>
	</files>

	<files>
		<filename>installerScript.php</filename>
		<filename>LICENSE.txt</filename>
	</files>

	<blockChildUninstall>true</blockChildUninstall>
 </extension>
